agents,scores
"('SHUCT', 'Example UCT')","(0.7333333333333333, -0.7333333333333333)"
"('Example UCT', 'SHUCT')","(-0.4666666666666667, 0.4666666666666667)"
