Iterations/Time,Agent1,Agent2,Agent1_Mean,Agent2_Mean,Agent1_Confidence,Agent2_Confidence
50000,SHUCT,UCT,0.67,0.33,0.09262598627455113,0.09262598627455113
10000,SHUCT, UCT,0.49,0.51,0.09847400518395552,0.09847400518395552
5000,SHUCT,UCT,0.97,0.03,0.033603535167561996,0.033603535167561996
1000,SHUCT,UCT,0.62,0.38,0.09561501931805443,0.09561501931805443
