agents,scores
"('SHUCT', 'Example UCT')","(0.22666666666666666, -0.22666666666666666)"
"('Example UCT', 'SHUCT')","(-0.30666666666666664, 0.30666666666666664)"
