agents,scores
"('SHUCTAnyTime', 'SHUCT')","(0.3333333333333333, -0.3333333333333333)"
"('SHUCT', 'SHUCTAnyTime')","(-0.14666666666666667, 0.14666666666666667)"
