agents,scores
"('UCT', 'SHUCTAnyTime')","(-0.38666666666666666, 0.38666666666666666)"
"('SHUCTAnyTime', 'UCT')","(0.49333333333333335, -0.49333333333333335)"
