agents,scores
"('UCT', 'SHUCTAnyTime')","(0.013333333333333334, -0.013333333333333334)"
"('SHUCTAnyTime', 'UCT')","(0.09333333333333334, -0.09333333333333334)"
