agents,scores
"('SHUCT', 'SHUCTAnyTime')","(0.17333333333333334, -0.17333333333333334)"
"('SHUCTAnyTime', 'SHUCT')","(0.3333333333333333, -0.3333333333333333)"
