agents,scores
"('SHUCTAnyTime', 'SHUCT')","(0.22666666666666666, -0.22666666666666666)"
"('SHUCT', 'SHUCTAnyTime')","(0.06666666666666667, -0.06666666666666667)"
