agents,scores
"('SHUCT', 'Example UCT')","(-0.9733333333333334, 0.9733333333333334)"
"('Example UCT', 'SHUCT')","(-0.9733333333333334, 0.9733333333333334)"
