agents,scores
"('SHUCTAnyTime', 'SHUCT')","(-0.09333333333333334, 0.09333333333333334)"
"('SHUCT', 'SHUCTAnyTime')","(0.5466666666666666, -0.5466666666666666)"
