agents,scores
"('SHUCTAnyTime', 'SHUCT')","(0.06666666666666667, -0.06666666666666667)"
"('SHUCT', 'SHUCTAnyTime')","(0.6533333333333333, -0.6533333333333333)"
