agents,scores
"('UCT', 'SHUCTAnyTime')","(0.30666666666666664, -0.30666666666666664)"
"('SHUCTAnyTime', 'UCT')","(0.17333333333333334, -0.17333333333333334)"
