agents,scores
"('SHUCT', 'UCT')","(0.6533333333333333, -0.6533333333333333)"
"('UCT', 'SHUCT')","(-0.7333333333333333, 0.7333333333333333)"
