agents,scores
"('SHUCT', 'UCT')","(-0.17333333333333334, 0.17333333333333334)"
"('UCT', 'SHUCT')","(-0.013333333333333334, 0.013333333333333334)"
