agents,scores
"('SHUCTAnyTime', 'SHUCT')","(0.6533333333333333, -0.6533333333333333)"
"('SHUCT', 'SHUCTAnyTime')","(0.4666666666666667, -0.4666666666666667)"
