agents,scores
"('SHUCT', 'SHUCTAnyTime')","(0.30666666666666664, -0.30666666666666664)"
"('SHUCTAnyTime', 'SHUCT')","(-0.013333333333333334, 0.013333333333333334)"
