agents,scores
"('SHUCT', 'UCT')","(0.17333333333333334, -0.17333333333333334)"
"('UCT', 'SHUCT')","(-0.49333333333333335, 0.49333333333333335)"
