agents,scores
"('SHUCT', 'SHUCTAnyTime')","(0.013333333333333334, -0.013333333333333334)"
"('SHUCTAnyTime', 'SHUCT')","(0.013333333333333334, -0.013333333333333334)"
