agents,scores
"('Example UCT', 'SHUCTAnyTime')","(0.37333333333333335, -0.37333333333333335)"
"('SHUCTAnyTime', 'Example UCT')","(0.09333333333333334, -0.09333333333333334)"
