agents,scores
"('SHUCT', 'SHUCTAnyTime')","(0.25333333333333335, -0.25333333333333335)"
"('SHUCTAnyTime', 'SHUCT')","(-0.06666666666666667, 0.06666666666666667)"
