agents,scores
"('SHUCT', 'SHUCTAnyTime')","(0.14666666666666667, -0.14666666666666667)"
"('SHUCTAnyTime', 'SHUCT')","(-0.25333333333333335, 0.25333333333333335)"
