agents,scores
"('UCT', 'SHUCT')","(-0.14666666666666667, 0.14666666666666667)"
"('SHUCT', 'UCT')","(-0.06666666666666667, 0.06666666666666667)"
