agents,scores
"('SHUCT', 'Example UCT')","(0.22666666666666666, -0.22666666666666666)"
"('Example UCT', 'SHUCT')","(-0.14666666666666667, 0.14666666666666667)"
