agents,scores
"('SHUCTAnyTime', 'SHUCT')","(-0.49333333333333335, 0.49333333333333335)"
"('SHUCT', 'SHUCTAnyTime')","(0.5466666666666666, -0.5466666666666666)"
