agents,scores
"('SHUCTAnyTime', 'SHUCT')","(-0.38666666666666666, 0.38666666666666666)"
"('SHUCT', 'SHUCTAnyTime')","(0.5466666666666666, -0.5466666666666666)"
