Iterations/Time,Agent1,Agent2,Agent1_Mean,Agent2_Mean,Agent1_Confidence,Agent2_Confidence
50000,UCT,SHUCTAnyTime,0.05,0.95,0.042932411057287706,0.042932411057287706
10000,UCT,SHUCTAnyTime,0.5,0.5,0.09849370589540278,0.09849370589540278
5000,UCT,SHUCTAnyTime,0.52,0.48,0.09841487938746095,0.09841487938746095
1000,UCT,SHUCTAnyTime,0.41,0.59,0.09688496980304724,0.09688496980304724
