Iterations/Time,Agent1,Agent2,Agent1_Mean,Agent2_Mean,Agent1_Confidence,Agent2_Confidence
50000,UCT,SHUCTAnyTime,0.17,0.83,0.07399493294145283,0.07399493294145283
10000,UCT,SHUCTAnyTime,0.53,0.47,0.09831625737713201,0.09831625737713201
5000,UCT,SHUCTAnyTime,0.47,0.53,0.09831625737713201,0.09831625737713201
1000,UCT,SHUCTAnyTime,0.44,0.56,0.09778197970769233,0.09778197970769233
