Iterations/Time,Agent1,Agent2,Agent1_Mean,Agent2_Mean,Agent1_Confidence,Agent2_Confidence
50000,UCT,SHUCTAnyTime,0.48,0.52,0.09841487938746095,0.09841487938746095
10000,UCT,SHUCTAnyTime,0.36,0.64,0.09455395765958666,0.09455395765958666
5000,UCT,SHUCTAnyTime,0.56,0.44,0.09778197970769233,0.09778197970769233
1000,UCT,SHUCTAnyTime,0.49,0.51,0.09847400518395552,0.09847400518395552
