Iterations/Time,Agent1,Agent2,Agent1_Mean,Agent2_Mean,Agent1_Confidence,Agent2_Confidence
50000,UCT,SHUCTAnyTime,0.42,0.58,0.0972248128947762,0.0972248128947762
10000,UCT,SHUCTAnyTime,0.58,0.42,0.0972248128947762,0.0972248128947762
5000,UCT,SHUCTAnyTime,0.2,0.8,0.07879496471632223,0.07879496471632223
1000,UCT,SHUCTAnyTime,0.06,0.94,0.04678191828888464,0.04678191828888464
