agents,scores
"('UCT', 'SHUCTAnyTime')","(-0.25333333333333335, 0.25333333333333335)"
"('SHUCTAnyTime', 'UCT')","(-0.09333333333333334, 0.09333333333333334)"
