agents,scores
"('SHUCT', 'SHUCTAnyTime')","(0.6533333333333333, -0.6533333333333333)"
"('SHUCTAnyTime', 'SHUCT')","(-0.30666666666666664, 0.30666666666666664)"
