agents,scores
"('SHUCT', 'Example UCT')","(-0.6533333333333333, 0.6533333333333333)"
"('Example UCT', 'SHUCT')","(-0.9466666666666667, 0.9466666666666667)"
