agents,scores
"('UCT', 'SHUCT')","(-0.06666666666666667, 0.06666666666666667)"
"('SHUCT', 'UCT')","(0.3333333333333333, -0.3333333333333333)"
