agents,scores
"('SHUCT', 'Example UCT')","(0.30666666666666664, -0.30666666666666664)"
"('Example UCT', 'SHUCT')","(-0.09333333333333334, 0.09333333333333334)"
