agents,scores
"('Example UCT', 'SHUCTAnyTime')","(0.06666666666666667, -0.06666666666666667)"
"('SHUCTAnyTime', 'Example UCT')","(0.17333333333333334, -0.17333333333333334)"
