agents,scores
"('SHUCT', 'SHUCTAnyTime')","(0.7333333333333333, -0.7333333333333333)"
"('SHUCTAnyTime', 'SHUCT')","(-0.8133333333333334, 0.8133333333333334)"
