agents,scores
"('Example UCT', 'SHUCTAnyTime')","(0.05333333333333334, -0.05333333333333334)"
"('SHUCTAnyTime', 'Example UCT')","(-0.13333333333333333, 0.13333333333333333)"
