agents,scores
"('UCT', 'SHUCT')","(-0.22666666666666666, 0.22666666666666666)"
"('SHUCT', 'UCT')","(0.41333333333333333, -0.41333333333333333)"
