agents,scores
"('UCT', 'SHUCTAnyTime')","(-0.41333333333333333, 0.41333333333333333)"
"('SHUCTAnyTime', 'UCT')","(0.3333333333333333, -0.3333333333333333)"
