agents,scores
"('Example UCT', 'SHUCTAnyTime')","(-0.3333333333333333, 0.3333333333333333)"
"('SHUCTAnyTime', 'Example UCT')","(-0.013333333333333334, 0.013333333333333334)"
