agents,scores
"('SHUCT', 'SHUCTAnyTime')","(0.09333333333333334, -0.09333333333333334)"
"('SHUCTAnyTime', 'SHUCT')","(-0.09333333333333334, 0.09333333333333334)"
