agents,scores
"('SHUCT', 'SHUCTAnyTime')","(0.22666666666666666, -0.22666666666666666)"
"('SHUCTAnyTime', 'SHUCT')","(-0.17333333333333334, 0.17333333333333334)"
