agents,scores
"('Example UCT', 'SHUCTAnyTime')","(0.25333333333333335, -0.25333333333333335)"
"('SHUCTAnyTime', 'Example UCT')","(0.38666666666666666, -0.38666666666666666)"
