agents,scores
"('UCT', 'SHUCTAnyTime')","(-0.6533333333333333, 0.6533333333333333)"
"('SHUCTAnyTime', 'UCT')","(0.8133333333333334, -0.8133333333333334)"
