agents,scores
"('SHUCTAnyTime', 'SHUCT')","(-0.5466666666666666, 0.5466666666666666)"
"('SHUCT', 'SHUCTAnyTime')","(0.5733333333333334, -0.5733333333333334)"
