agents,scores
"('UCT', 'SHUCTAnyTime')","(0.06666666666666667, -0.06666666666666667)"
"('SHUCTAnyTime', 'UCT')","(-0.14666666666666667, 0.14666666666666667)"
