agents,scores
"('UCT', 'SHUCTAnyTime')","(0.25333333333333335, -0.25333333333333335)"
"('SHUCTAnyTime', 'UCT')","(0.30666666666666664, -0.30666666666666664)"
