agents,scores
"('UCT', 'SHUCTAnyTime')","(-0.9733333333333334, 0.9733333333333334)"
"('SHUCTAnyTime', 'UCT')","(0.9733333333333334, -0.9733333333333334)"
