agents,scores
"('UCT', 'SHUCT')","(-0.30666666666666664, 0.30666666666666664)"
"('SHUCT', 'UCT')","(0.5466666666666666, -0.5466666666666666)"
