agents,scores
"('SHUCT', 'SHUCTAnyTime')","(-0.8666666666666667, 0.8666666666666667)"
"('SHUCTAnyTime', 'SHUCT')","(-0.9733333333333334, 0.9733333333333334)"
