agents,scores
"('Example UCT', 'SHUCTAnyTime')","(0.013333333333333334, -0.013333333333333334)"
"('SHUCTAnyTime', 'Example UCT')","(0.17333333333333334, -0.17333333333333334)"
