agents,scores
"('SHUCT', 'SHUCTAnyTime')","(-0.37333333333333335, 0.37333333333333335)"
"('SHUCTAnyTime', 'SHUCT')","(0.013333333333333334, -0.013333333333333334)"
