agents,scores
"('SHUCT', 'Example UCT')","(-0.09333333333333334, 0.09333333333333334)"
"('Example UCT', 'SHUCT')","(0.06666666666666667, -0.06666666666666667)"
