agents,scores
"('SHUCT', 'Example UCT')","(0.18666666666666668, -0.18666666666666668)"
"('Example UCT', 'SHUCT')","(0.25333333333333335, -0.25333333333333335)"
