agents,scores
"('SHUCTAnyTime', 'SHUCT')","(-0.6533333333333333, 0.6533333333333333)"
"('SHUCT', 'SHUCTAnyTime')","(0.6533333333333333, -0.6533333333333333)"
