agents,scores
"('Example UCT', 'SHUCTAnyTime')","(0.09333333333333334, -0.09333333333333334)"
"('SHUCTAnyTime', 'Example UCT')","(0.38666666666666666, -0.38666666666666666)"
