agents,scores
"('SHUCT', 'UCT')","(0.7333333333333333, -0.7333333333333333)"
"('UCT', 'SHUCT')","(-0.5733333333333334, 0.5733333333333334)"
