agents,scores
"('SHUCT', 'UCT')","(-0.12, 0.12)"
"('UCT', 'SHUCT')","(-0.013333333333333334, 0.013333333333333334)"
