agents,scores
"('SHUCT', 'Example UCT')","(0.3333333333333333, -0.3333333333333333)"
"('Example UCT', 'SHUCT')","(0.3333333333333333, -0.3333333333333333)"
