agents,scores
"('Example UCT', 'SHUCTAnyTime')","(0.09333333333333334, -0.09333333333333334)"
"('SHUCTAnyTime', 'Example UCT')","(0.17333333333333334, -0.17333333333333334)"
