agents,scores
"('UCT', 'SHUCTAnyTime')","(0.17333333333333334, -0.17333333333333334)"
"('SHUCTAnyTime', 'UCT')","(-0.25333333333333335, 0.25333333333333335)"
