agents,scores
"('Example UCT', 'SHUCTAnyTime')","(-0.22666666666666666, 0.22666666666666666)"
"('SHUCTAnyTime', 'Example UCT')","(-0.013333333333333334, 0.013333333333333334)"
