agents,scores
"('SHUCTAnyTime', 'SHUCT')","(0.38666666666666666, -0.38666666666666666)"
"('SHUCT', 'SHUCTAnyTime')","(0.17333333333333334, -0.17333333333333334)"
