agents,scores
"('UCT', 'SHUCTAnyTime')","(0.30666666666666664, -0.30666666666666664)"
"('SHUCTAnyTime', 'UCT')","(0.3333333333333333, -0.3333333333333333)"
