agents,scores
"('SHUCT', 'UCT')","(-0.28, 0.28)"
"('UCT', 'SHUCT')","(-0.013333333333333334, 0.013333333333333334)"
