agents,scores
"('SHUCT', 'Example UCT')","(-0.10666666666666667, 0.10666666666666667)"
"('Example UCT', 'SHUCT')","(0.05333333333333334, -0.05333333333333334)"
