agents,scores
"('Example UCT', 'SHUCTAnyTime')","(-0.013333333333333334, 0.013333333333333334)"
"('SHUCTAnyTime', 'Example UCT')","(0.14666666666666667, -0.14666666666666667)"
