agents,scores
"('SHUCTAnyTime', 'SHUCT')","(-0.013333333333333334, 0.013333333333333334)"
"('SHUCT', 'SHUCTAnyTime')","(-0.09333333333333334, 0.09333333333333334)"
