agents,scores
"('UCT', 'SHUCT')","(-0.9466666666666667, 0.9466666666666667)"
"('SHUCT', 'UCT')","(0.9733333333333334, -0.9733333333333334)"
