agents,scores
"('SHUCT', 'Example UCT')","(0.14666666666666667, -0.14666666666666667)"
"('Example UCT', 'SHUCT')","(0.09333333333333334, -0.09333333333333334)"
