agents,scores
"('SHUCT', 'UCT')","(-0.06666666666666667, 0.06666666666666667)"
"('UCT', 'SHUCT')","(0.14666666666666667, -0.14666666666666667)"
