agents,scores
"('SHUCT', 'SHUCTAnyTime')","(0.06666666666666667, -0.06666666666666667)"
"('SHUCTAnyTime', 'SHUCT')","(0.09333333333333334, -0.09333333333333334)"
