agents,scores
"('SHUCT', 'Example UCT')","(-0.22666666666666666, 0.22666666666666666)"
"('Example UCT', 'SHUCT')","(-0.05333333333333334, 0.05333333333333334)"
