agents,scores
"('Example UCT', 'SHUCTAnyTime')","(0.25333333333333335, -0.25333333333333335)"
"('SHUCTAnyTime', 'Example UCT')","(0.14666666666666667, -0.14666666666666667)"
