agents,scores
"('Example UCT', 'SHUCTAnyTime')","(0.30666666666666664, -0.30666666666666664)"
"('SHUCTAnyTime', 'Example UCT')","(-0.06666666666666667, 0.06666666666666667)"
