agents,scores
"('SHUCT', 'SHUCTAnyTime')","(0.25333333333333335, -0.25333333333333335)"
"('SHUCTAnyTime', 'SHUCT')","(-0.09333333333333334, 0.09333333333333334)"
