agents,scores
"('Example UCT', 'SHUCTAnyTime')","(0.30666666666666664, -0.30666666666666664)"
"('SHUCTAnyTime', 'Example UCT')","(0.25333333333333335, -0.25333333333333335)"
