agents,scores
"('SHUCT', 'UCT')","(-0.09333333333333334, 0.09333333333333334)"
"('UCT', 'SHUCT')","(-0.06666666666666667, 0.06666666666666667)"
