agents,scores
"('SHUCT', 'SHUCTAnyTime')","(0.8933333333333333, -0.8933333333333333)"
"('SHUCTAnyTime', 'SHUCT')","(-0.7333333333333333, 0.7333333333333333)"
