agents,scores
"('SHUCT', 'Example UCT')","(0.17333333333333334, -0.17333333333333334)"
"('Example UCT', 'SHUCT')","(-0.41333333333333333, 0.41333333333333333)"
