agents,scores
"('SHUCT', 'SHUCTAnyTime')","(0.41333333333333333, -0.41333333333333333)"
"('SHUCTAnyTime', 'SHUCT')","(-0.30666666666666664, 0.30666666666666664)"
