agents,scores
"('SHUCT', 'Example UCT')","(0.17333333333333334, -0.17333333333333334)"
"('Example UCT', 'SHUCT')","(-0.013333333333333334, 0.013333333333333334)"
