agents,scores
"('SHUCT', 'SHUCTAnyTime')","(0.02666666666666667, -0.02666666666666667)"
"('SHUCTAnyTime', 'SHUCT')","(0.3333333333333333, -0.3333333333333333)"
