agents,scores
"('UCT', 'SHUCTAnyTime')","(0.22666666666666666, -0.22666666666666666)"
"('SHUCTAnyTime', 'UCT')","(0.06666666666666667, -0.06666666666666667)"
