agents,scores
"('UCT', 'SHUCTAnyTime')","(-0.30666666666666664, 0.30666666666666664)"
"('SHUCTAnyTime', 'UCT')","(0.22666666666666666, -0.22666666666666666)"
