agents,scores
"('UCT', 'SHUCTAnyTime')","(0.09333333333333334, -0.09333333333333334)"
"('SHUCTAnyTime', 'UCT')","(0.14666666666666667, -0.14666666666666667)"
