agents,scores
"('SHUCT', 'SHUCTAnyTime')","(0.13333333333333333, -0.13333333333333333)"
"('SHUCTAnyTime', 'SHUCT')","(0.18666666666666668, -0.18666666666666668)"
