agents,scores
"('SHUCTAnyTime', 'SHUCT')","(0.30666666666666664, -0.30666666666666664)"
"('SHUCT', 'SHUCTAnyTime')","(0.30666666666666664, -0.30666666666666664)"
