Iterations/Time,Agent1,Agent2,Example UCT_Mean,SHUCT_Mean,Example UCT_Confidence,SHUCT_Confidence
1000,Example UCT,SHUCT,0.5390011544341713,0.46099884556582876,0.07877056198357307,0.07877056198357309
5000,Example UCT,SHUCT,0.4349980759430479,0.565001924056952,0.07834076510655465,0.07834076510655465
10000,Example UCT,SHUCT,0.4414982683487431,0.5585017316512569,0.07846860675570032,0.07846860675570032
20000,Example UCT,SHUCT,0.48049942278291435,0.5195005772170856,0.0789511807930967,0.0789511807930967
30000,Example UCT,SHUCT,0.48699961518860957,0.5130003848113904,0.07898458339493668,0.07898458339493668
40000,Example UCT,SHUCT,0.5325009620284761,0.4674990379715239,0.07884419737173022,0.07884419737173022
50000,Example UCT,SHUCT,0.4414982683487431,0.5585017316512569,0.07846860675570032,0.07846860675570032
