Iterations/Time,Agent1,Agent2,SHUCT_Mean,UCT_Mean,SHUCT_Confidence,UCT_Confidence
1000,SHUCT,UCT,0.48,0.52,0.08022047471661078,0.08022047471661078
5000,SHUCT,UCT,0.6666666666666666,0.3333333333333333,0.075693167658163,0.075693167658163
10000,SHUCT,UCT,0.8266666666666667,0.17333333333333334,0.06078118944464432,0.06078118944464432
20000,SHUCT,UCT,0.96,0.04,0.031465058920744235,0.031465058920744235
30000,SHUCT,UCT,0.98,0.02,0.022479723899042472,0.022479723899042472
40000,SHUCT,UCT,0.98,0.02,0.022479723899042472,0.022479723899042472
50000,SHUCT,UCT,0.9733333333333334,0.02666666666666667,0.025868908318651695,0.025868908318651695
