Iterations/Time,Agent1,Agent2,SHUCT_Mean,UCT_Mean,SHUCT_Confidence,UCT_Confidence
1000,SHUCT,UCT,0.5,0.5,0.08028472821086596,0.08028472821086596
5000,SHUCT,UCT,0.49333333333333335,0.5066666666666667,0.08027759147337812,0.08027759147337812
10000,SHUCT,UCT,0.52,0.48,0.08022047471661078,0.08022047471661078
20000,SHUCT,UCT,0.5266666666666666,0.47333333333333333,0.08017046417400994,0.08017046417400994
30000,SHUCT,UCT,0.4266666666666667,0.5733333333333334,0.07941652698049412,0.07941652698049412
40000,SHUCT,UCT,0.46,0.54,0.08002740470211255,0.08002740470211255
50000,SHUCT,UCT,0.48,0.52,0.08022047471661078,0.08022047471661078
