Iterations/Time,Agent1,Agent2,Example UCT_Mean,SHUCT_Mean,Example UCT_Confidence,SHUCT_Confidence
1000,Example UCT,SHUCT,0.5266666666666666,0.47333333333333333,0.08017046417400994,0.08017046417400994
5000,Example UCT,SHUCT,0.4866666666666667,0.5133333333333333,0.0802561774531314,0.0802561774531314
10000,Example UCT,SHUCT,0.4866666666666667,0.5133333333333333,0.0802561774531314,0.0802561774531314
20000,Example UCT,SHUCT,0.47333333333333333,0.5266666666666666,0.08017046417400994,0.08017046417400994
30000,Example UCT,SHUCT,0.41333333333333333,0.5866666666666667,0.07906947567547373,0.07906947567547373
40000,Example UCT,SHUCT,0.5133333333333333,0.4866666666666667,0.0802561774531314,0.0802561774531314
50000,Example UCT,SHUCT,0.44666666666666666,0.5533333333333333,0.07982669072325994,0.07982669072325994
