Iterations/Time,Agent1,Agent2,SHUCT_Mean,SHUCTAnyTime_Mean,SHUCT_Confidence,SHUCTAnyTime_Confidence
1000,SHUCT,SHUCTAnyTime,0.49333333333333335,0.5066666666666667,0.08027759147337812,0.08027759147337812
5000,SHUCT,SHUCTAnyTime,0.47333333333333333,0.5266666666666666,0.08017046417400994,0.08017046417400994
10000,SHUCT,SHUCTAnyTime,0.46,0.54,0.08002740470211255,0.08002740470211255
20000,SHUCT,SHUCTAnyTime,0.5333333333333333,0.4666666666666667,0.08010611902808663,0.08010611902808663
30000,SHUCT,SHUCTAnyTime,0.49333333333333335,0.5066666666666667,0.08027759147337812,0.08027759147337812
40000,SHUCT,SHUCTAnyTime,0.43333333333333335,0.5666666666666667,0.079567885929501,0.079567885929501
50000,SHUCT,SHUCTAnyTime,0.49333333333333335,0.5066666666666667,0.08027759147337812,0.08027759147337812
