Iterations/Time,Agent1,Agent2,SHUCTAnyTime_Mean,UCT_Mean,SHUCTAnyTime_Confidence,UCT_Confidence
1000,SHUCTAnyTime,UCT,0.48,0.52,0.08022047471661078,0.08022047471661078
5000,SHUCTAnyTime,UCT,0.54,0.46,0.08002740470211255,0.08002740470211255
10000,SHUCTAnyTime,UCT,0.5333333333333333,0.4666666666666667,0.08010611902808663,0.08010611902808663
20000,SHUCTAnyTime,UCT,0.6266666666666667,0.37333333333333335,0.0776657639336501,0.0776657639336501
30000,SHUCTAnyTime,UCT,0.6333333333333333,0.36666666666666664,0.07737752343854433,0.07737752343854433
40000,SHUCTAnyTime,UCT,0.6933333333333334,0.30666666666666664,0.0740401455084017,0.0740401455084017
50000,SHUCTAnyTime,UCT,0.72,0.28,0.07209550712527797,0.07209550712527797
