Iterations/Time,Agent1,Agent2,Example UCT_Mean,SHUCT_Mean,Example UCT_Confidence,SHUCT_Confidence
1000,Example UCT,SHUCT,0.4533333333333333,0.5466666666666666,0.0799342787464638,0.0799342787464638
5000,Example UCT,SHUCT,0.47333333333333333,0.5266666666666666,0.08017046417400994,0.08017046417400994
10000,Example UCT,SHUCT,0.54,0.46,0.08002740470211255,0.08002740470211255
20000,Example UCT,SHUCT,0.43333333333333335,0.5666666666666667,0.079567885929501,0.079567885929501
30000,Example UCT,SHUCT,0.48,0.52,0.08022047471661078,0.08022047471661078
40000,Example UCT,SHUCT,0.5066666666666667,0.49333333333333335,0.08027759147337812,0.08027759147337812
50000,Example UCT,SHUCT,0.5133333333333333,0.4866666666666667,0.0802561774531314,0.0802561774531314
