Iterations/Time,Agent1,Agent2,SHUCT_Mean,SHUCTAnyTime_Mean,SHUCT_Confidence,SHUCTAnyTime_Confidence
1000,SHUCT,SHUCTAnyTime,0.45449865316013355,0.5455013468398664,0.0786834494988909,0.0786834494988909
5000,SHUCT,SHUCTAnyTime,0.5325009620284761,0.4674990379715239,0.07884419737173022,0.07884419737173022
10000,SHUCT,SHUCTAnyTime,0.5260007696227808,0.47399923037721914,0.0789043933947774,0.0789043933947774
20000,SHUCT,SHUCTAnyTime,0.48049942278291435,0.5195005772170856,0.0789511807930967,0.0789511807930967
30000,SHUCT,SHUCTAnyTime,0.4934998075943048,0.5065001924056952,0.0790046181772951,0.0790046181772951
40000,SHUCT,SHUCTAnyTime,0.4674990379715239,0.5325009620284761,0.07884419737173022,0.07884419737173022
50000,SHUCT,SHUCTAnyTime,0.5065001924056952,0.4934998075943048,0.0790046181772951,0.0790046181772951
