Iterations/Time,Agent1,Agent2,Example UCT_Mean,SHUCT_Mean,Example UCT_Confidence,SHUCT_Confidence
1000,Example UCT,SHUCT,0.37333333333333335,0.6266666666666667,0.0776657639336501,0.0776657639336501
5000,Example UCT,SHUCT,0.4,0.6,0.07866264730186057,0.07866264730186057
10000,Example UCT,SHUCT,0.43333333333333335,0.5666666666666667,0.079567885929501,0.079567885929501
20000,Example UCT,SHUCT,0.5,0.5,0.08028472821086596,0.08028472821086596
30000,Example UCT,SHUCT,0.5133333333333333,0.4866666666666667,0.0802561774531314,0.0802561774531314
40000,Example UCT,SHUCT,0.46,0.54,0.08002740470211255,0.08002740470211255
50000,Example UCT,SHUCT,0.47333333333333333,0.5266666666666666,0.08017046417400994,0.08017046417400994
