Iterations/Time,Agent1,Agent2,SHUCT_Mean,SHUCTAnyTime_Mean,SHUCT_Confidence,SHUCTAnyTime_Confidence
1000,SHUCT,SHUCTAnyTime,0.76,0.24,0.06857650604403853,0.06857650604403853
5000,SHUCT,SHUCTAnyTime,0.6466666666666666,0.35333333333333333,0.07675302130142074,0.07675302130142074
10000,SHUCT,SHUCTAnyTime,0.5533333333333333,0.44666666666666666,0.07982669072325994,0.07982669072325994
20000,SHUCT,SHUCTAnyTime,0.5,0.5,0.08028472821086596,0.08028472821086596
30000,SHUCT,SHUCTAnyTime,0.5666666666666667,0.43333333333333335,0.079567885929501,0.079567885929501
40000,SHUCT,SHUCTAnyTime,0.4533333333333333,0.5466666666666666,0.0799342787464638,0.0799342787464638
50000,SHUCT,SHUCTAnyTime,0.44666666666666666,0.5533333333333333,0.07982669072325994,0.07982669072325994
