Iterations/Time,Agent1,Agent2,Example UCT_Mean,SHUCTAnyTime_Mean,Example UCT_Confidence,SHUCTAnyTime_Confidence
1000,Example UCT,SHUCTAnyTime,0.47399923037721914,0.5260007696227808,0.0789043933947774,0.0789043933947774
5000,Example UCT,SHUCTAnyTime,0.5520015392455616,0.44799846075443833,0.07858281509784516,0.07858281509784516
10000,Example UCT,SHUCTAnyTime,0.48699961518860957,0.5130003848113904,0.07898458339493668,0.07898458339493668
20000,Example UCT,SHUCTAnyTime,0.48699961518860957,0.5130003848113904,0.07898458339493668,0.07898458339493668
30000,Example UCT,SHUCTAnyTime,0.4674990379715239,0.5325009620284761,0.07884419737173022,0.07884419737173022
40000,Example UCT,SHUCTAnyTime,0.42199769113165747,0.5780023088683425,0.07804390675474078,0.07804390675474078
50000,Example UCT,SHUCTAnyTime,0.5260007696227808,0.47399923037721914,0.0789043933947774,0.0789043933947774
