agents,scores
"('SHUCTAnyTime', 'SHUCT')","(0.22666666666666666, -0.22666666666666666)"
"('SHUCT', 'SHUCTAnyTime')","(0.09333333333333334, -0.09333333333333334)"
