agents,scores
"('SHUCT', 'UCT')","(0.06666666666666667, -0.06666666666666667)"
"('UCT', 'SHUCT')","(-0.013333333333333334, 0.013333333333333334)"
