agents,scores
"('SHUCT', 'Example UCT')","(0.6266666666666667, -0.6266666666666667)"
"('Example UCT', 'SHUCT')","(-0.5466666666666666, 0.5466666666666666)"
