agents,scores
"('SHUCT', 'Example UCT')","(-0.10666666666666667, 0.10666666666666667)"
"('Example UCT', 'SHUCT')","(-0.18666666666666668, 0.18666666666666668)"
