agents,scores
"('UCT', 'SHUCTAnyTime')","(-0.3333333333333333, 0.3333333333333333)"
"('SHUCTAnyTime', 'UCT')","(0.17333333333333334, -0.17333333333333334)"
