agents,scores
"('SHUCT', 'Example UCT')","(0.4666666666666667, -0.4666666666666667)"
"('Example UCT', 'SHUCT')","(0.30666666666666664, -0.30666666666666664)"
