agents,scores
"('SHUCT', 'UCT')","(0.22666666666666666, -0.22666666666666666)"
"('UCT', 'SHUCT')","(0.38666666666666666, -0.38666666666666666)"
