agents,scores
"('SHUCT', 'Example UCT')","(0.06666666666666667, -0.06666666666666667)"
"('Example UCT', 'SHUCT')","(-0.013333333333333334, 0.013333333333333334)"
