agents,scores
"('SHUCT', 'Example UCT')","(0.013333333333333334, -0.013333333333333334)"
"('Example UCT', 'SHUCT')","(-0.3333333333333333, 0.3333333333333333)"
