agents,scores
"('UCT', 'SHUCT')","(-0.013333333333333334, 0.013333333333333334)"
"('SHUCT', 'UCT')","(-0.30666666666666664, 0.30666666666666664)"
